Id,SalePrice,,,,,
 1 ," $128,561 ",,,,,
 2 ," $154,628 ",,,,,
 3 ," $176,216 ",,,,,
 4 ," $181,695 ",,,,,
 5 ," $210,684 ",,,,,
 6 ," $183,098 ",,,,,
 7 ," $163,937 ",,,,,
 8 ," $175,264 ",,,,,
 9 ," $181,870 ",,,,,
 10 ," $121,765 ",,,,,
 11 ," $192,621 ",,,,,
 12 ," $94,709 ",,,,,
 13 ," $106,118 ",,,,,
 14 ," $152,079 ",,,,,
 15 ," $145,202 ",,,,,
 16 ," $384,135 ",,,,,
 17 ," $261,724 ",,,,,
 18 ," $301,527 ",,,,,
 19 ," $286,938 ",,,,,
 20 ," $447,523 ",,,,,
 21 ," $308,538 ",,,,,
 22 ," $211,914 ",,,,,
 23 ," $176,577 ",,,,,
 24 ," $167,994 ",,,,,
 25 ," $169,473 ",,,,,
 26 ," $192,016 ",,,,,
 27 ," $328,421 ",,,,,
 28 ," $254,458 ",,,,,
 29 ," $210,662 ",,,,,
 30 ," $194,592 ",,,,,
 31 ," $192,558 ",,,,,
 32 ," $105,107 ",,,,,
 33 ," $181,901 ",,,,,
 34 ," $292,306 ",,,,,
 35 ," $285,698 ",,,,,
 36 ," $228,537 ",,,,,
 37 ," $191,053 ",,,,,
 38 ," $153,381 ",,,,,
 39 ," $152,452 ",,,,,
 40 ," $157,166 ",,,,,
 41 ," $175,381 ",,,,,
 42 ," $163,850 ",,,,,
 43 ," $295,003 ",,,,,
 44 ," $239,277 ",,,,,
 45 ," $220,948 ",,,,,
 46 ," $188,105 ",,,,,
 47 ," $230,502 ",,,,,
 48 ," $203,458 ",,,,,
 49 ," $160,071 ",,,,,
 50 ," $149,135 ",,,,,
 51 ," $149,175 ",,,,,
 52 ," $160,364 ",,,,,
 53 ," $154,695 ",,,,,
 54 ," $158,728 ",,,,,
 55 ," $173,644 ",,,,,
 56 ," $156,247 ",,,,,
 57 ," $156,678 ",,,,,
 58 ," $130,689 ",,,,,
 59 ," $226,030 ",,,,,
 60 ," $139,760 ",,,,,
 61 ," $144,073 ",,,,,
 62 ," $164,610 ",,,,,
 63 ," $110,863 ",,,,,
 64 ," $126,425 ",,,,,
 65 ," $130,275 ",,,,,
 66 ," $131,692 ",,,,,
 67 ," $97,517 ",,,,,
 68 ," $125,306 ",,,,,
 69 ," $142,486 ",,,,,
 70 ," $163,769 ",,,,,
 71 ," $122,440 ",,,,,
 72 ," $113,465 ",,,,,
 73 ," $148,632 ",,,,,
 74 ," $119,869 ",,,,,
 75 ," $156,323 ",,,,,
 76 ," $119,180 ",,,,,
 77 ," $76,208 ",,,,,
 78 ," $191,029 ",,,,,
 79 ," $268,808 ",,,,,
 80 ," $111,991 ",,,,,
 81 ," $144,864 ",,,,,
 82 ," $150,135 ",,,,,
 83 ," $215,418 ",,,,,
 84 ," $70,833 ",,,,,
 85 ," $108,657 ",,,,,
 86 ," $123,768 ",,,,,
 87 ," $130,066 ",,,,,
 88 ," $131,304 ",,,,,
 89 ," $117,817 ",,,,,
 90 ," $134,708 ",,,,,
 91 ," $122,997 ",,,,,
 92 ," $133,833 ",,,,,
 93 ," $147,892 ",,,,,
 94 ," $113,404 ",,,,,
 95 ," $167,519 ",,,,,
 96 ," $103,104 ",,,,,
 97 ," $124,617 ",,,,,
 98 ," $107,058 ",,,,,
 99 ," $120,070 ",,,,,
 100 ," $148,000 ",,,,,
 101 ," $152,488 ",,,,,
 102 ," $124,041 ",,,,,
 103 ," $123,103 ",,,,,
 104 ," $154,342 ",,,,,
 105 ," $145,918 ",,,,,
 106 ," $204,569 ",,,,,
 107 ," $78,193 ",,,,,
 108 ," $225,986 ",,,,,
 109 ," $141,709 ",,,,,
 110 ," $133,693 ",,,,,
 111 ," $133,370 ",,,,,
 112 ," $144,333 ",,,,,
 113 ," $233,726 ",,,,,
 114 ," $138,066 ",,,,,
 115 ," $213,069 ",,,,,
 116 ," $220,202 ",,,,,
 117 ," $202,265 ",,,,,
 118 ," $150,238 ",,,,,
 119 ," $142,777 ",,,,,
 120 ," $190,361 ",,,,,
 121 ," $135,454 ",,,,,
 122 ," $129,811 ",,,,,
 123 ," $325,612 ",,,,,
 124 ," $235,110 ",,,,,
 125 ," $141,559 ",,,,,
 126 ," $78,511 ",,,,,
 127 ," $107,783 ",,,,,
 128 ," $145,697 ",,,,,
 129 ," $101,115 ",,,,,
 130 ," $134,843 ",,,,,
 131 ," $109,969 ",,,,,
 132 ," $133,920 ",,,,,
 133 ," $123,046 ",,,,,
 134 ," $124,861 ",,,,,
 135 ," $120,617 ",,,,,
 136 ," $238,272 ",,,,,
 137 ," $160,946 ",,,,,
 138 ," $178,594 ",,,,,
 139 ," $250,181 ",,,,,
 140 ," $198,719 ",,,,,
 141 ," $82,443 ",,,,,
 142 ," $119,475 ",,,,,
 143 ," $96,695 ",,,,,
 144 ," $298,288 ",,,,,
 145 ," $256,299 ",,,,,
 146 ," $170,890 ",,,,,
 147 ," $167,976 ",,,,,
 148 ," $204,276 ",,,,,
 149 ," $192,511 ",,,,,
 150 ," $144,348 ",,,,,
 151 ," $152,445 ",,,,,
 152 ," $156,258 ",,,,,
 153 ," $163,746 ",,,,,
 154 ," $127,138 ",,,,,
 155 ," $89,505 ",,,,,
 156 ," $83,200 ",,,,,
 157 ," $88,157 ",,,,,
 158 ," $127,841 ",,,,,
 159 ," $127,163 ",,,,,
 160 ," $154,709 ",,,,,
 161 ," $136,974 ",,,,,
 162 ," $145,434 ",,,,,
 163 ," $293,513 ",,,,,
 164 ," $219,129 ",,,,,
 165 ," $136,144 ",,,,,
 166 ," $168,120 ",,,,,
 167 ," $188,113 ",,,,,
 168 ," $280,176 ",,,,,
 169 ," $172,898 ",,,,,
 170 ," $340,774 ",,,,,
 171 ," $222,395 ",,,,,
 172 ," $248,605 ",,,,,
 173 ," $164,921 ",,,,,
 174 ," $180,916 ",,,,,
 175 ," $179,306 ",,,,,
 176 ," $160,377 ",,,,,
 177 ," $165,874 ",,,,,
 178 ," $213,746 ",,,,,
 179 ," $185,488 ",,,,,
 180 ," $248,780 ",,,,,
 181 ," $193,739 ",,,,,
 182 ," $225,190 ",,,,,
 183 ," $236,278 ",,,,,
 184 ," $227,890 ",,,,,
 185 ," $172,591 ",,,,,
 186 ," $159,139 ",,,,,
 187 ," $168,255 ",,,,,
 188 ," $134,342 ",,,,,
 189 ," $138,112 ",,,,,
 190 ," $120,240 ",,,,,
 191 ," $115,033 ",,,,,
 192 ," $95,752 ",,,,,
 193 ," $99,375 ",,,,,
 194 ," $155,424 ",,,,,
 195 ," $156,989 ",,,,,
 196 ," $149,240 ",,,,,
 197 ," $153,914 ",,,,,
 198 ," $152,973 ",,,,,
 199 ," $144,887 ",,,,,
 200 ," $146,639 ",,,,,
 201 ," $449,111 ",,,,,
 202 ," $355,516 ",,,,,
 203 ," $372,648 ",,,,,
 204 ," $396,676 ",,,,,
 205 ," $303,807 ",,,,,
 206 ," $347,310 ",,,,,
 207 ," $369,179 ",,,,,
 208 ," $316,918 ",,,,,
 209 ," $288,356 ",,,,,
 210 ," $325,577 ",,,,,
 211 ," $268,636 ",,,,,
 212 ," $396,271 ",,,,,
 213 ," $302,782 ",,,,,
 214 ," $255,015 ",,,,,
 215 ," $183,912 ",,,,,
 216 ," $192,927 ",,,,,
 217 ," $206,725 ",,,,,
 218 ," $411,734 ",,,,,
 219 ," $366,942 ",,,,,
 220 ," $318,829 ",,,,,
 221 ," $258,407 ",,,,,
 222 ," $316,654 ",,,,,
 223 ," $189,179 ",,,,,
 224 ," $172,825 ",,,,,
 225 ," $173,956 ",,,,,
 226 ," $171,937 ",,,,,
 227 ," $166,520 ",,,,,
 228 ," $185,127 ",,,,,
 229 ," $185,710 ",,,,,
 230 ," $182,278 ",,,,,
 231 ," $171,069 ",,,,,
 232 ," $268,630 ",,,,,
 233 ," $168,456 ",,,,,
 234 ," $181,175 ",,,,,
 235 ," $165,542 ",,,,,
 236 ," $251,196 ",,,,,
 237 ," $167,064 ",,,,,
 238 ," $327,645 ",,,,,
 239 ," $306,752 ",,,,,
 240 ," $237,377 ",,,,,
 241 ," $276,212 ",,,,,
 242 ," $262,857 ",,,,,
 243 ," $253,804 ",,,,,
 244 ," $301,764 ",,,,,
 245 ," $236,972 ",,,,,
 246 ," $383,518 ",,,,,
 247 ," $219,836 ",,,,,
 248 ," $217,846 ",,,,,
 249 ," $275,139 ",,,,,
 250 ," $241,778 ",,,,,
 251 ," $265,691 ",,,,,
 252 ," $258,375 ",,,,,
 253 ," $252,320 ",,,,,
 254 ," $225,385 ",,,,,
 255 ," $200,694 ",,,,,
 256 ," $177,022 ",,,,,
 257 ," $161,138 ",,,,,
 258 ," $140,268 ",,,,,
 259 ," $205,325 ",,,,,
 260 ," $257,232 ",,,,,
 261 ," $166,066 ",,,,,
 262 ," $123,769 ",,,,,
 263 ," $152,658 ",,,,,
 264 ," $210,321 ",,,,,
 265 ," $229,244 ",,,,,
 266 ," $190,590 ",,,,,
 267 ," $173,700 ",,,,,
 268 ," $181,707 ",,,,,
 269 ," $165,603 ",,,,,
 270 ," $165,108 ",,,,,
 271 ," $121,717 ",,,,,
 272 ," $133,736 ",,,,,
 273 ," $128,312 ",,,,,
 274 ," $132,385 ",,,,,
 275 ," $134,302 ",,,,,
 276 ," $115,101 ",,,,,
 277 ," $338,459 ",,,,,
 278 ," $213,204 ",,,,,
 279 ," $267,386 ",,,,,
 280 ," $195,009 ",,,,,
 281 ," $180,184 ",,,,,
 282 ," $173,191 ",,,,,
 283 ," $162,103 ",,,,,
 284 ," $309,710 ",,,,,
 285 ," $233,329 ",,,,,
 286 ," $271,216 ",,,,,
 287 ," $220,538 ",,,,,
 288 ," $206,999 ",,,,,
 289 ," $161,360 ",,,,,
 290 ," $151,183 ",,,,,
 291 ," $219,750 ",,,,,
 292 ," $124,153 ",,,,,
 293 ," $139,156 ",,,,,
 294 ," $214,856 ",,,,,
 295 ," $168,998 ",,,,,
 296 ," $122,660 ",,,,,
 297 ," $119,692 ",,,,,
 298 ," $146,073 ",,,,,
 299 ," $168,653 ",,,,,
 300 ," $160,957 ",,,,,
 301 ," $152,630 ",,,,,
 302 ," $167,037 ",,,,,
 303 ," $167,726 ",,,,,
 304 ," $120,120 ",,,,,
 305 ," $183,029 ",,,,,
 306 ," $166,929 ",,,,,
 307 ," $200,177 ",,,,,
 308 ," $140,433 ",,,,,
 309 ," $172,998 ",,,,,
 310 ," $142,263 ",,,,,
 311 ," $139,510 ",,,,,
 312 ," $142,279 ",,,,,
 313 ," $138,062 ",,,,,
 314 ," $134,966 ",,,,,
 315 ," $134,320 ",,,,,
 316 ," $126,745 ",,,,,
 317 ," $117,665 ",,,,,
 318 ," $133,409 ",,,,,
 319 ," $121,007 ",,,,,
 320 ," $177,863 ",,,,,
 321 ," $135,749 ",,,,,
 322 ," $88,444 ",,,,,
 323 ," $131,712 ",,,,,
 324 ," $97,664 ",,,,,
 325 ," $117,847 ",,,,,
 326 ," $140,595 ",,,,,
 327 ," $163,916 ",,,,,
 328 ," $66,248 ",,,,,
 329 ," $103,120 ",,,,,
 330 ," $81,508 ",,,,,
 331 ," $171,273 ",,,,,
 332 ," $154,149 ",,,,,
 333 ," $150,048 ",,,,,
 334 ," $141,515 ",,,,,
 335 ," $144,165 ",,,,,
 336 ," $132,550 ",,,,,
 337 ," $126,265 ",,,,,
 338 ," $125,597 ",,,,,
 339 ," $114,768 ",,,,,
 340 ," $126,848 ",,,,,
 341 ," $123,146 ",,,,,
 342 ," $149,308 ",,,,,
 343 ," $163,513 ",,,,,
 344 ," $140,757 ",,,,,
 345 ," $138,677 ",,,,,
 346 ," $119,532 ",,,,,
 347 ," $154,498 ",,,,,
 348 ," $121,467 ",,,,,
 349 ," $127,851 ",,,,,
 350 ," $137,438 ",,,,,
 351 ," $111,740 ",,,,,
 352 ," $115,333 ",,,,,
 353 ," $123,166 ",,,,,
 354 ," $95,831 ",,,,,
 355 ," $61,281 ",,,,,
 356 ," $105,393 ",,,,,
 357 ," $119,795 ",,,,,
 358 ," $154,148 ",,,,,
 359 ," $114,622 ",,,,,
 360 ," $78,505 ",,,,,
 361 ," $128,302 ",,,,,
 362 ," $148,724 ",,,,,
 363 ," $62,538 ",,,,,
 364 ," $135,653 ",,,,,
 365 ," $136,168 ",,,,,
 366 ," $109,317 ",,,,,
 367 ," $110,602 ",,,,,
 368 ," $138,342 ",,,,,
 369 ," $120,383 ",,,,,
 370 ," $149,752 ",,,,,
 371 ," $180,172 ",,,,,
 372 ," $117,001 ",,,,,
 373 ," $146,847 ",,,,,
 374 ," $134,465 ",,,,,
 375 ," $184,250 ",,,,,
 376 ," $141,174 ",,,,,
 377 ," $100,142 ",,,,,
 378 ," $129,893 ",,,,,
 379 ," $82,509 ",,,,,
 380 ," $164,254 ",,,,,
 381 ," $149,412 ",,,,,
 382 ," $94,806 ",,,,,
 383 ," $142,080 ",,,,,
 384 ," $134,669 ",,,,,
 385 ," $144,782 ",,,,,
 386 ," $154,629 ",,,,,
 387 ," $153,734 ",,,,,
 388 ," $70,571 ",,,,,
 389 ," $118,527 ",,,,,
 390 ," $130,021 ",,,,,
 391 ," $149,000 ",,,,,
 392 ," $131,273 ",,,,,
 393 ," $137,830 ",,,,,
 394 ," $169,819 ",,,,,
 395 ," $157,359 ",,,,,
 396 ," $215,918 ",,,,,
 397 ," $159,993 ",,,,,
 398 ," $134,005 ",,,,,
 399 ," $118,674 ",,,,,
 400 ," $148,972 ",,,,,
 401 ," $118,750 ",,,,,
 402 ," $247,683 ",,,,,
 403 ," $243,908 ",,,,,
 404 ," $243,908 ",,,,,
 405 ," $310,614 ",,,,,
 406 ," $321,492 ",,,,,
 407 ," $243,291 ",,,,,
 408 ," $326,749 ",,,,,
 409 ," $190,890 ",,,,,
 410 ," $248,323 ",,,,,
 411 ," $263,946 ",,,,,
 412 ," $172,328 ",,,,,
 413 ," $225,400 ",,,,,
 414 ," $140,018 ",,,,,
 415 ," $209,981 ",,,,,
 416 ," $197,469 ",,,,,
 417 ," $202,984 ",,,,,
 418 ," $207,761 ",,,,,
 419 ," $137,362 ",,,,,
 420 ," $137,660 ",,,,,
 421 ," $242,526 ",,,,,
 422 ," $260,840 ",,,,,
 423 ," $197,844 ",,,,,
 424 ," $215,423 ",,,,,
 425 ," $263,786 ",,,,,
 426 ," $326,548 ",,,,,
 427 ," $194,431 ",,,,,
 428 ," $274,983 ",,,,,
 429 ," $163,120 ",,,,,
 430 ," $131,351 ",,,,,
 431 ," $141,849 ",,,,,
 432 ," $106,577 ",,,,,
 433 ," $138,783 ",,,,,
 434 ," $128,029 ",,,,,
 435 ," $149,986 ",,,,,
 436 ," $122,574 ",,,,,
 437 ," $119,593 ",,,,,
 438 ," $116,153 ",,,,,
 439 ," $137,663 ",,,,,
 440 ," $148,501 ",,,,,
 441 ," $157,828 ",,,,,
 442 ," $147,262 ",,,,,
 443 ," $218,570 ",,,,,
 444 ," $137,553 ",,,,,
 445 ," $175,627 ",,,,,
 446 ," $152,364 ",,,,,
 447 ," $208,552 ",,,,,
 448 ," $117,727 ",,,,,
 449 ," $140,690 ",,,,,
 450 ," $130,524 ",,,,,
 451 ," $193,937 ",,,,,
 452 ," $264,910 ",,,,,
 453 ," $142,508 ",,,,,
 454 ," $71,511 ",,,,,
 455 ," $326,773 ",,,,,
 456 ," $74,920 ",,,,,
 457 ," $257,356 ",,,,,
 458 ," $143,392 ",,,,,
 459 ," $166,530 ",,,,,
 460 ," $152,441 ",,,,,
 461 ," $391,407 ",,,,,
 462 ," $313,133 ",,,,,
 463 ," $204,659 ",,,,,
 464 ," $229,656 ",,,,,
 465 ," $223,957 ",,,,,
 466 ," $387,701 ",,,,,
 467 ," $139,786 ",,,,,
 468 ," $158,504 ",,,,,
 469 ," $127,121 ",,,,,
 470 ," $132,420 ",,,,,
 471 ," $136,370 ",,,,,
 472 ," $135,119 ",,,,,
 473 ," $159,544 ",,,,,
 474 ," $181,272 ",,,,,
 475 ," $176,976 ",,,,,
 476 ," $188,017 ",,,,,
 477 ," $185,495 ",,,,,
 478 ," $160,765 ",,,,,
 479 ," $243,334 ",,,,,
 480 ," $209,536 ",,,,,
 481 ," $178,266 ",,,,,
 482 ," $196,683 ",,,,,
 483 ," $208,851 ",,,,,
 484 ," $327,253 ",,,,,
 485 ," $367,041 ",,,,,
 486 ," $160,796 ",,,,,
 487 ," $303,664 ",,,,,
 488 ," $155,148 ",,,,,
 489 ," $236,141 ",,,,,
 490 ," $179,720 ",,,,,
 491 ," $272,337 ",,,,,
 492 ," $242,148 ",,,,,
 493 ," $171,582 ",,,,,
 494 ," $208,883 ",,,,,
 495 ," $131,277 ",,,,,
 496 ," $273,903 ",,,,,
 497 ," $157,268 ",,,,,
 498 ," $296,959 ",,,,,
 499 ," $136,268 ",,,,,
 500 ," $116,110 ",,,,,
 501 ," $118,469 ",,,,,
 502 ," $96,381 ",,,,,
 503 ," $107,488 ",,,,,
 504 ," $112,259 ",,,,,
 505 ," $150,758 ",,,,,
 506 ," $156,041 ",,,,,
 507 ," $290,825 ",,,,,
 508 ," $372,539 ",,,,,
 509 ," $385,019 ",,,,,
 510 ," $420,673 ",,,,,
 511 ," $409,826 ",,,,,
 512 ," $365,390 ",,,,,
 513 ," $278,957 ",,,,,
 514 ," $312,908 ",,,,,
 515 ," $394,557 ",,,,,
 516 ," $275,613 ",,,,,
 517 ," $379,158 ",,,,,
 518 ," $336,541 ",,,,,
 519 ," $322,656 ",,,,,
 520 ," $189,860 ",,,,,
 521 ," $337,872 ",,,,,
 522 ," $230,929 ",,,,,
 523 ," $225,906 ",,,,,
 524 ," $165,819 ",,,,,
 525 ," $195,880 ",,,,,
 526 ," $205,820 ",,,,,
 527 ," $178,773 ",,,,,
 528 ," $177,405 ",,,,,
 529 ," $187,808 ",,,,,
 530 ," $225,282 ",,,,,
 531 ," $207,953 ",,,,,
 532 ," $214,741 ",,,,,
 533 ," $169,162 ",,,,,
 534 ," $237,111 ",,,,,
 535 ," $183,434 ",,,,,
 536 ," $266,338 ",,,,,
 537 ," $335,490 ",,,,,
 538 ," $344,158 ",,,,,
 539 ," $250,328 ",,,,,
 540 ," $287,205 ",,,,,
 541 ," $246,770 ",,,,,
 542 ," $232,768 ",,,,,
 543 ," $262,812 ",,,,,
 544 ," $265,696 ",,,,,
 545 ," $231,370 ",,,,,
 546 ," $235,942 ",,,,,
 547 ," $249,189 ",,,,,
 548 ," $210,985 ",,,,,
 549 ," $194,573 ",,,,,
 550 ," $192,827 ",,,,,
 551 ," $146,670 ",,,,,
 552 ," $170,441 ",,,,,
 553 ," $177,303 ",,,,,
 554 ," $192,133 ",,,,,
 555 ," $191,818 ",,,,,
 556 ," $192,665 ",,,,,
 557 ," $201,810 ",,,,,
 558 ," $125,708 ",,,,,
 559 ," $135,517 ",,,,,
 560 ," $116,844 ",,,,,
 561 ," $117,228 ",,,,,
 562 ," $171,670 ",,,,,
 563 ," $144,414 ",,,,,
 564 ," $222,336 ",,,,,
 565 ," $379,899 ",,,,,
 566 ," $188,997 ",,,,,
 567 ," $150,125 ",,,,,
 568 ," $158,456 ",,,,,
 569 ," $169,337 ",,,,,
 570 ," $254,228 ",,,,,
 571 ," $253,154 ",,,,,
 572 ," $280,594 ",,,,,
 573 ," $250,147 ",,,,,
 574 ," $160,862 ",,,,,
 575 ," $213,004 ",,,,,
 576 ," $191,784 ",,,,,
 577 ," $197,674 ",,,,,
 578 ," $330,689 ",,,,,
 579 ," $212,550 ",,,,,
 580 ," $412,252 ",,,,,
 581 ," $281,542 ",,,,,
 582 ," $207,087 ",,,,,
 583 ," $164,698 ",,,,,
 584 ," $178,650 ",,,,,
 585 ," $215,667 ",,,,,
 586 ," $134,929 ",,,,,
 587 ," $147,504 ",,,,,
 588 ," $130,338 ",,,,,
 589 ," $132,961 ",,,,,
 590 ," $185,147 ",,,,,
 591 ," $104,979 ",,,,,
 592 ," $135,891 ",,,,,
 593 ," $143,608 ",,,,,
 594 ," $89,092 ",,,,,
 595 ," $158,099 ",,,,,
 596 ," $130,105 ",,,,,
 597 ," $131,532 ",,,,,
 598 ," $215,141 ",,,,,
 599 ," $138,079 ",,,,,
 600 ," $158,609 ",,,,,
 601 ," $173,012 ",,,,,
 602 ," $139,048 ",,,,,
 603 ," $114,610 ",,,,,
 604 ," $143,114 ",,,,,
 605 ," $129,748 ",,,,,
 606 ," $183,425 ",,,,,
 607 ," $137,299 ",,,,,
 608 ," $137,608 ",,,,,
 609 ," $85,600 ",,,,,
 610 ," $111,805 ",,,,,
 611 ," $91,413 ",,,,,
 612 ," $134,249 ",,,,,
 613 ," $140,253 ",,,,,
 614 ," $177,393 ",,,,,
 615 ," $151,628 ",,,,,
 616 ," $123,059 ",,,,,
 617 ," $146,683 ",,,,,
 618 ," $131,517 ",,,,,
 619 ," $133,463 ",,,,,
 620 ," $117,463 ",,,,,
 621 ," $126,557 ",,,,,
 622 ," $132,729 ",,,,,
 623 ," $134,063 ",,,,,
 624 ," $112,893 ",,,,,
 625 ," $128,205 ",,,,,
 626 ," $124,121 ",,,,,
 627 ," $126,807 ",,,,,
 628 ," $112,963 ",,,,,
 629 ," $95,925 ",,,,,
 630 ," $133,042 ",,,,,
 631 ," $121,462 ",,,,,
 632 ," $127,852 ",,,,,
 633 ," $132,719 ",,,,,
 634 ," $142,128 ",,,,,
 635 ," $145,620 ",,,,,
 636 ," $96,675 ",,,,,
 637 ," $104,217 ",,,,,
 638 ," $142,420 ",,,,,
 639 ," $63,028 ",,,,,
 640 ," $120,767 ",,,,,
 641 ," $122,415 ",,,,,
 642 ," $138,601 ",,,,,
 643 ," $109,518 ",,,,,
 644 ," $126,561 ",,,,,
 645 ," $130,715 ",,,,,
 646 ," $86,562 ",,,,,
 647 ," $248,535 ",,,,,
 648 ," $122,800 ",,,,,
 649 ," $111,302 ",,,,,
 650 ," $126,402 ",,,,,
 651 ," $158,903 ",,,,,
 652 ," $137,889 ",,,,,
 653 ," $118,104 ",,,,,
 654 ," $114,577 ",,,,,
 655 ," $153,243 ",,,,,
 656 ," $118,270 ",,,,,
 657 ," $146,689 ",,,,,
 658 ," $124,073 ",,,,,
 659 ," $113,229 ",,,,,
 660 ," $118,583 ",,,,,
 661 ," $108,845 ",,,,,
 662 ," $98,889 ",,,,,
 663 ," $94,623 ",,,,,
 664 ," $192,266 ",,,,,
 665 ," $131,557 ",,,,,
 666 ," $161,910 ",,,,,
 667 ," $160,464 ",,,,,
 668 ," $132,591 ",,,,,
 669 ," $113,548 ",,,,,
 670 ," $146,194 ",,,,,
 671 ," $165,878 ",,,,,
 672 ," $119,995 ",,,,,
 673 ," $119,497 ",,,,,
 674 ," $122,674 ",,,,,
 675 ," $110,505 ",,,,,
 676 ," $93,209 ",,,,,
 677 ," $119,379 ",,,,,
 678 ," $143,240 ",,,,,
 679 ," $153,299 ",,,,,
 680 ," $139,770 ",,,,,
 681 ," $137,090 ",,,,,
 682 ," $132,013 ",,,,,
 683 ," $137,377 ",,,,,
 684 ," $127,167 ",,,,,
 685 ," $139,407 ",,,,,
 686 ," $150,742 ",,,,,
 687 ," $162,571 ",,,,,
 688 ," $126,197 ",,,,,
 689 ," $137,878 ",,,,,
 690 ," $227,003 ",,,,,
 691 ," $131,919 ",,,,,
 692 ," $163,723 ",,,,,
 693 ," $157,261 ",,,,,
 694 ," $111,871 ",,,,,
 695 ," $136,840 ",,,,,
 696 ," $229,181 ",,,,,
 697 ," $233,756 ",,,,,
 698 ," $225,374 ",,,,,
 699 ," $202,847 ",,,,,
 700 ," $169,044 ",,,,,
 701 ," $248,048 ",,,,,
 702 ," $358,423 ",,,,,
 703 ," $328,315 ",,,,,
 704 ," $259,245 ",,,,,
 705 ," $180,944 ",,,,,
 706 ," $142,356 ",,,,,
 707 ," $211,300 ",,,,,
 708 ," $216,447 ",,,,,
 709 ," $191,502 ",,,,,
 710 ," $221,012 ",,,,,
 711 ," $142,534 ",,,,,
 712 ," $140,355 ",,,,,
 713 ," $154,689 ",,,,,
 714 ," $236,100 ",,,,,
 715 ," $309,933 ",,,,,
 716 ," $332,854 ",,,,,
 717 ," $246,785 ",,,,,
 718 ," $227,887 ",,,,,
 719 ," $147,406 ",,,,,
 720 ," $205,566 ",,,,,
 721 ," $192,265 ",,,,,
 722 ," $219,886 ",,,,,
 723 ," $189,586 ",,,,,
 724 ," $135,468 ",,,,,
 725 ," $134,849 ",,,,,
 726 ," $139,402 ",,,,,
 727 ," $147,974 ",,,,,
 728 ," $151,304 ",,,,,
 729 ," $174,724 ",,,,,
 730 ," $87,430 ",,,,,
 731 ," $90,040 ",,,,,
 732 ," $86,642 ",,,,,
 733 ," $105,790 ",,,,,
 734 ," $104,128 ",,,,,
 735 ," $118,490 ",,,,,
 736 ," $107,663 ",,,,,
 737 ," $112,999 ",,,,,
 738 ," $161,342 ",,,,,
 739 ," $162,306 ",,,,,
 740 ," $135,577 ",,,,,
 741 ," $138,922 ",,,,,
 742 ," $206,194 ",,,,,
 743 ," $155,609 ",,,,,
 744 ," $169,899 ",,,,,
 745 ," $119,710 ",,,,,
 746 ," $136,468 ",,,,,
 747 ," $272,653 ",,,,,
 748 ," $234,393 ",,,,,
 749 ," $180,302 ",,,,,
 750 ," $125,615 ",,,,,
 751 ," $116,910 ",,,,,
 752 ," $114,886 ",,,,,
 753 ," $111,514 ",,,,,
 754 ," $140,543 ",,,,,
 755 ," $108,580 ",,,,,
 756 ," $148,576 ",,,,,
 757 ," $75,497 ",,,,,
 758 ," $102,267 ",,,,,
 759 ," $79,710 ",,,,,
 760 ," $88,051 ",,,,,
 761 ," $328,087 ",,,,,
 762 ," $255,942 ",,,,,
 763 ," $266,831 ",,,,,
 764 ," $214,665 ",,,,,
 765 ," $134,378 ",,,,,
 766 ," $182,056 ",,,,,
 767 ," $191,921 ",,,,,
 768 ," $281,701 ",,,,,
 769 ," $255,581 ",,,,,
 770 ," $144,449 ",,,,,
 771 ," $203,221 ",,,,,
 772 ," $185,808 ",,,,,
 773 ," $173,091 ",,,,,
 774 ," $249,947 ",,,,,
 775 ," $215,105 ",,,,,
 776 ," $275,622 ",,,,,
 777 ," $360,261 ",,,,,
 778 ," $204,885 ",,,,,
 779 ," $114,345 ",,,,,
 780 ," $160,164 ",,,,,
 781 ," $143,849 ",,,,,
 782 ," $139,232 ",,,,,
 783 ," $138,851 ",,,,,
 784 ," $95,233 ",,,,,
 785 ," $92,522 ",,,,,
 786 ," $147,338 ",,,,,
 787 ," $107,776 ",,,,,
 788 ," $123,726 ",,,,,
 789 ," $125,543 ",,,,,
 790 ," $138,216 ",,,,,
 791 ," $133,233 ",,,,,
 792 ," $174,160 ",,,,,
 793 ," $157,991 ",,,,,
 794 ," $178,440 ",,,,,
 795 ," $196,853 ",,,,,
 796 ," $176,854 ",,,,,
 797 ," $198,232 ",,,,,
 798 ," $172,525 ",,,,,
 799 ," $178,065 ",,,,,
 800 ," $151,408 ",,,,,
 801 ," $192,565 ",,,,,
 802 ," $218,912 ",,,,,
 803 ," $334,981 ",,,,,
 804 ," $389,616 ",,,,,
 805 ," $162,856 ",,,,,
 806 ," $277,832 ",,,,,
 807 ," $370,411 ",,,,,
 808 ," $362,688 ",,,,,
 809 ," $168,362 ",,,,,
 810 ," $180,262 ",,,,,
 811 ," $245,555 ",,,,,
 812 ," $205,054 ",,,,,
 813 ," $164,813 ",,,,,
 814 ," $177,315 ",,,,,
 815 ," $162,077 ",,,,,
 816 ," $177,306 ",,,,,
 817 ," $192,963 ",,,,,
 818 ," $150,053 ",,,,,
 819 ," $123,111 ",,,,,
 820 ," $116,026 ",,,,,
 821 ," $177,479 ",,,,,
 822 ," $177,395 ",,,,,
 823 ," $100,224 ",,,,,
 824 ," $109,066 ",,,,,
 825 ," $148,071 ",,,,,
 826 ," $131,294 ",,,,,
 827 ," $328,180 ",,,,,
 828 ," $278,847 ",,,,,
 829 ," $373,925 ",,,,,
 830 ," $405,284 ",,,,,
 831 ," $340,852 ",,,,,
 832 ," $390,784 ",,,,,
 833 ," $396,951 ",,,,,
 834 ," $382,161 ",,,,,
 835 ," $406,600 ",,,,,
 836 ," $297,547 ",,,,,
 837 ," $299,507 ",,,,,
 838 ," $310,675 ",,,,,
 839 ," $379,148 ",,,,,
 840 ," $316,204 ",,,,,
 841 ," $282,750 ",,,,,
 842 ," $233,902 ",,,,,
 843 ," $260,623 ",,,,,
 844 ," $252,242 ",,,,,
 845 ," $185,700 ",,,,,
 846 ," $186,040 ",,,,,
 847 ," $184,152 ",,,,,
 848 ," $249,563 ",,,,,
 849 ," $273,887 ",,,,,
 850 ," $230,755 ",,,,,
 851 ," $189,137 ",,,,,
 852 ," $172,975 ",,,,,
 853 ," $176,701 ",,,,,
 854 ," $171,978 ",,,,,
 855 ," $172,740 ",,,,,
 856 ," $183,441 ",,,,,
 857 ," $179,578 ",,,,,
 858 ," $173,746 ",,,,,
 859 ," $173,476 ",,,,,
 860 ," $182,391 ",,,,,
 861 ," $256,345 ",,,,,
 862 ," $171,892 ",,,,,
 863 ," $175,380 ",,,,,
 864 ," $163,250 ",,,,,
 865 ," $211,004 ",,,,,
 866 ," $167,483 ",,,,,
 867 ," $212,619 ",,,,,
 868 ," $225,743 ",,,,,
 869 ," $186,541 ",,,,,
 870 ," $176,931 ",,,,,
 871 ," $323,591 ",,,,,
 872 ," $416,205 ",,,,,
 873 ," $300,409 ",,,,,
 874 ," $251,287 ",,,,,
 875 ," $261,565 ",,,,,
 876 ," $305,718 ",,,,,
 877 ," $199,859 ",,,,,
 878 ," $279,644 ",,,,,
 879 ," $233,574 ",,,,,
 880 ," $385,576 ",,,,,
 881 ," $222,855 ",,,,,
 882 ," $231,715 ",,,,,
 883 ," $221,268 ",,,,,
 884 ," $231,438 ",,,,,
 885 ," $247,472 ",,,,,
 886 ," $234,475 ",,,,,
 887 ," $199,109 ",,,,,
 888 ," $237,263 ",,,,,
 889 ," $144,671 ",,,,,
 890 ," $283,718 ",,,,,
 891 ," $264,570 ",,,,,
 892 ," $257,015 ",,,,,
 893 ," $218,372 ",,,,,
 894 ," $124,109 ",,,,,
 895 ," $152,432 ",,,,,
 896 ," $149,303 ",,,,,
 897 ," $199,210 ",,,,,
 898 ," $199,358 ",,,,,
 899 ," $130,423 ",,,,,
 900 ," $119,253 ",,,,,
 901 ," $137,760 ",,,,,
 902 ," $252,937 ",,,,,
 903 ," $143,308 ",,,,,
 904 ," $151,644 ",,,,,
 905 ," $220,005 ",,,,,
 906 ," $196,801 ",,,,,
 907 ," $225,068 ",,,,,
 908 ," $201,564 ",,,,,
 909 ," $232,212 ",,,,,
 910 ," $169,154 ",,,,,
 911 ," $170,357 ",,,,,
 912 ," $186,738 ",,,,,
 913 ," $262,945 ",,,,,
 914 ," $304,498 ",,,,,
 915 ," $228,969 ",,,,,
 916 ," $270,697 ",,,,,
 917 ," $328,962 ",,,,,
 918 ," $143,483 ",,,,,
 919 ," $205,355 ",,,,,
 920 ," $145,780 ",,,,,
 921 ," $161,781 ",,,,,
 922 ," $185,028 ",,,,,
 923 ," $213,126 ",,,,,
 924 ," $228,347 ",,,,,
 925 ," $153,796 ",,,,,
 926 ," $143,666 ",,,,,
 927 ," $133,178 ",,,,,
 928 ," $106,873 ",,,,,
 929 ," $127,402 ",,,,,
 930 ," $140,253 ",,,,,
 931 ," $136,834 ",,,,,
 932 ," $113,176 ",,,,,
 933 ," $164,403 ",,,,,
 934 ," $146,888 ",,,,,
 935 ," $197,471 ",,,,,
 936 ," $147,345 ",,,,,
 937 ," $207,596 ",,,,,
 938 ," $125,115 ",,,,,
 939 ," $66,013 ",,,,,
 940 ," $64,888 ",,,,,
 941 ," $117,069 ",,,,,
 942 ," $136,806 ",,,,,
 943 ," $129,222 ",,,,,
 944 ," $150,302 ",,,,,
 945 ," $157,694 ",,,,,
 946 ," $138,807 ",,,,,
 947 ," $130,366 ",,,,,
 948 ," $135,774 ",,,,,
 949 ," $132,649 ",,,,,
 950 ," $180,904 ",,,,,
 951 ," $124,710 ",,,,,
 952 ," $158,334 ",,,,,
 953 ," $140,047 ",,,,,
 954 ," $134,184 ",,,,,
 955 ," $133,938 ",,,,,
 956 ," $132,056 ",,,,,
 957 ," $130,076 ",,,,,
 958 ," $123,359 ",,,,,
 959 ," $130,800 ",,,,,
 960 ," $130,060 ",,,,,
 961 ," $155,676 ",,,,,
 962 ," $124,651 ",,,,,
 963 ," $124,637 ",,,,,
 964 ," $156,335 ",,,,,
 965 ," $152,110 ",,,,,
 966 ," $125,924 ",,,,,
 967 ," $132,880 ",,,,,
 968 ," $174,975 ",,,,,
 969 ," $110,850 ",,,,,
 970 ," $134,975 ",,,,,
 971 ," $122,237 ",,,,,
 972 ," $138,563 ",,,,,
 973 ," $143,296 ",,,,,
 974 ," $142,509 ",,,,,
 975 ," $149,721 ",,,,,
 976 ," $107,484 ",,,,,
 977 ," $107,969 ",,,,,
 978 ," $122,499 ",,,,,
 979 ," $117,233 ",,,,,
 980 ," $126,310 ",,,,,
 981 ," $111,959 ",,,,,
 982 ," $110,678 ",,,,,
 983 ," $118,789 ",,,,,
 984 ," $125,195 ",,,,,
 985 ," $92,843 ",,,,,
 986 ," $125,749 ",,,,,
 987 ," $252,486 ",,,,,
 988 ," $142,883 ",,,,,
 989 ," $116,680 ",,,,,
 990 ," $151,850 ",,,,,
 991 ," $125,417 ",,,,,
 992 ," $225,858 ",,,,,
 993 ," $95,258 ",,,,,
 994 ," $125,008 ",,,,,
 995 ," $105,785 ",,,,,
 996 ," $138,337 ",,,,,
 997 ," $121,841 ",,,,,
 998 ," $114,015 ",,,,,
 999 ," $112,686 ",,,,,
" 1,000 "," $132,842 ",,,,,
" 1,001 "," $118,355 ",,,,,
" 1,002 "," $137,083 ",,,,,
" 1,003 "," $117,975 ",,,,,
" 1,004 "," $175,487 ",,,,,
" 1,005 "," $131,541 ",,,,,
" 1,006 "," $120,006 ",,,,,
" 1,007 "," $150,892 ",,,,,
" 1,008 "," $99,629 ",,,,,
" 1,009 "," $98,776 ",,,,,
" 1,010 "," $174,913 ",,,,,
" 1,011 "," $209,363 ",,,,,
" 1,012 "," $169,420 ",,,,,
" 1,013 "," $120,263 ",,,,,
" 1,014 "," $109,705 ",,,,,
" 1,015 "," $221,499 ",,,,,
" 1,016 "," $113,254 ",,,,,
" 1,017 "," $134,577 ",,,,,
" 1,018 "," $156,036 ",,,,,
" 1,019 "," $126,485 ",,,,,
" 1,020 "," $135,864 ",,,,,
" 1,021 "," $127,101 ",,,,,
" 1,022 "," $133,186 ",,,,,
" 1,023 "," $114,094 ",,,,,
" 1,024 "," $122,404 ",,,,,
" 1,025 "," $125,446 ",,,,,
" 1,026 "," $154,462 ",,,,,
" 1,027 "," $167,712 ",,,,,
" 1,028 "," $151,459 ",,,,,
" 1,029 "," $156,568 ",,,,,
" 1,030 "," $153,676 ",,,,,
" 1,031 "," $94,110 ",,,,,
" 1,032 "," $182,646 ",,,,,
" 1,033 "," $144,195 ",,,,,
" 1,034 "," $163,574 ",,,,,
" 1,035 "," $109,707 ",,,,,
" 1,036 "," $220,224 ",,,,,
" 1,037 "," $154,132 ",,,,,
" 1,038 "," $118,104 ",,,,,
" 1,039 "," $90,878 ",,,,,
" 1,040 "," $130,582 ",,,,,
" 1,041 "," $135,253 ",,,,,
" 1,042 "," $142,057 ",,,,,
" 1,043 "," $109,414 ",,,,,
" 1,044 "," $196,498 ",,,,,
" 1,045 "," $215,419 ",,,,,
" 1,046 "," $260,705 ",,,,,
" 1,047 "," $297,760 ",,,,,
" 1,048 "," $256,990 ",,,,,
" 1,049 "," $221,962 ",,,,,
" 1,050 "," $247,674 ",,,,,
" 1,051 "," $186,316 ",,,,,
" 1,052 "," $214,326 ",,,,,
" 1,053 "," $219,733 ",,,,,
" 1,054 "," $244,373 ",,,,,
" 1,055 "," $144,451 ",,,,,
" 1,056 "," $163,226 ",,,,,
" 1,057 "," $132,930 ",,,,,
" 1,058 "," $140,415 ",,,,,
" 1,059 "," $222,827 ",,,,,
" 1,060 "," $206,630 ",,,,,
" 1,061 "," $192,452 ",,,,,
" 1,062 "," $223,992 ",,,,,
" 1,063 "," $139,241 ",,,,,
" 1,064 "," $140,256 ",,,,,
" 1,065 "," $147,402 ",,,,,
" 1,066 "," $139,422 ",,,,,
" 1,067 "," $117,505 ",,,,,
" 1,068 "," $126,311 ",,,,,
" 1,069 "," $132,033 ",,,,,
" 1,070 "," $104,235 ",,,,,
" 1,071 "," $247,378 ",,,,,
" 1,072 "," $231,602 ",,,,,
" 1,073 "," $197,419 ",,,,,
" 1,074 "," $236,683 ",,,,,
" 1,075 "," $299,005 ",,,,,
" 1,076 "," $229,711 ",,,,,
" 1,077 "," $227,596 ",,,,,
" 1,078 "," $176,522 ",,,,,
" 1,079 "," $184,592 ",,,,,
" 1,080 "," $173,865 ",,,,,
" 1,081 "," $173,869 ",,,,,
" 1,082 "," $152,568 ",,,,,
" 1,083 "," $131,510 ",,,,,
" 1,084 "," $130,940 ",,,,,
" 1,085 "," $131,710 ",,,,,
" 1,086 "," $140,000 ",,,,,
" 1,087 "," $136,722 ",,,,,
" 1,088 "," $146,789 ",,,,,
" 1,089 "," $150,603 ",,,,,
" 1,090 "," $558,852 ",,,,,
" 1,091 "," $143,171 ",,,,,
" 1,092 "," $124,175 ",,,,,
" 1,093 "," $90,776 ",,,,,
" 1,094 "," $126,075 ",,,,,
" 1,095 "," $117,831 ",,,,,
" 1,096 "," $97,649 ",,,,,
" 1,097 "," $117,845 ",,,,,
" 1,098 "," $141,596 ",,,,,
" 1,099 "," $135,321 ",,,,,
" 1,100 "," $126,948 ",,,,,
" 1,101 "," $141,063 ",,,,,
" 1,102 "," $134,443 ",,,,,
" 1,103 "," $144,059 ",,,,,
" 1,104 "," $168,838 ",,,,,
" 1,105 "," $128,779 ",,,,,
" 1,106 "," $150,254 ",,,,,
" 1,107 "," $135,916 ",,,,,
" 1,108 "," $186,135 ",,,,,
" 1,109 "," $182,011 ",,,,,
" 1,110 "," $125,129 ",,,,,
" 1,111 "," $165,328 ",,,,,
" 1,112 "," $196,119 ",,,,,
" 1,113 "," $239,396 ",,,,,
" 1,114 "," $301,582 ",,,,,
" 1,115 "," $129,103 ",,,,,
" 1,116 "," $133,746 ",,,,,
" 1,117 "," $157,405 ",,,,,
" 1,118 "," $106,362 ",,,,,
" 1,119 "," $83,549 ",,,,,
" 1,120 "," $133,871 ",,,,,
" 1,121 "," $130,141 ",,,,,
" 1,122 "," $121,523 ",,,,,
" 1,123 "," $278,632 ",,,,,
" 1,124 "," $169,363 ",,,,,
" 1,125 "," $168,303 ",,,,,
" 1,126 "," $203,809 ",,,,,
" 1,127 "," $199,924 ",,,,,
" 1,128 "," $151,450 ",,,,,
" 1,129 "," $147,500 ",,,,,
" 1,130 "," $213,671 ",,,,,
" 1,131 "," $210,146 ",,,,,
" 1,132 "," $230,215 ",,,,,
" 1,133 "," $242,834 ",,,,,
" 1,134 "," $176,303 ",,,,,
" 1,135 "," $216,932 ",,,,,
" 1,136 "," $328,179 ",,,,,
" 1,137 "," $188,587 ",,,,,
" 1,138 "," $253,674 ",,,,,
" 1,139 "," $313,190 ",,,,,
" 1,140 "," $149,264 ",,,,,
" 1,141 "," $132,911 ",,,,,
" 1,142 "," $86,073 ",,,,,
" 1,143 "," $95,435 ",,,,,
" 1,144 "," $90,566 ",,,,,
" 1,145 "," $82,998 ",,,,,
" 1,146 "," $141,551 ",,,,,
" 1,147 "," $178,412 ",,,,,
" 1,148 "," $194,890 ",,,,,
" 1,149 "," $150,064 ",,,,,
" 1,150 "," $118,921 ",,,,,
" 1,151 "," $156,888 ",,,,,
" 1,152 "," $153,244 ",,,,,
" 1,153 "," $128,771 ",,,,,
" 1,154 "," $126,431 ",,,,,
" 1,155 "," $151,908 ",,,,,
" 1,156 "," $143,930 ",,,,,
" 1,157 "," $165,616 ",,,,,
" 1,158 "," $178,317 ",,,,,
" 1,159 "," $219,635 ",,,,,
" 1,160 "," $184,151 ",,,,,
" 1,161 "," $187,739 ",,,,,
" 1,162 "," $191,967 ",,,,,
" 1,163 "," $241,361 ",,,,,
" 1,164 "," $269,628 ",,,,,
" 1,165 "," $307,811 ",,,,,
" 1,166 "," $162,936 ",,,,,
" 1,167 "," $196,958 ",,,,,
" 1,168 "," $446,939 ",,,,,
" 1,169 "," $517,743 ",,,,,
" 1,170 "," $353,743 ",,,,,
" 1,171 "," $418,563 ",,,,,
" 1,172 "," $432,611 ",,,,,
" 1,173 "," $308,102 ",,,,,
" 1,174 "," $390,020 ",,,,,
" 1,175 "," $151,512 ",,,,,
" 1,176 "," $196,178 ",,,,,
" 1,177 "," $168,109 ",,,,,
" 1,178 "," $247,678 ",,,,,
" 1,179 "," $185,678 ",,,,,
" 1,180 "," $153,831 ",,,,,
" 1,181 "," $103,201 ",,,,,
" 1,182 "," $191,901 ",,,,,
" 1,183 "," $113,915 ",,,,,
" 1,184 "," $133,281 ",,,,,
" 1,185 "," $100,778 ",,,,,
" 1,186 "," $94,911 ",,,,,
" 1,187 "," $99,515 ",,,,,
" 1,188 "," $143,464 ",,,,,
" 1,189 "," $139,393 ",,,,,
" 1,190 "," $150,317 ",,,,,
" 1,191 "," $150,016 ",,,,,
" 1,192 "," $427,072 ",,,,,
" 1,193 "," $263,869 ",,,,,
" 1,194 "," $247,560 ",,,,,
" 1,195 "," $370,585 ",,,,,
" 1,196 "," $342,710 ",,,,,
" 1,197 "," $347,716 ",,,,,
" 1,198 "," $290,527 ",,,,,
" 1,199 "," $310,493 ",,,,,
" 1,200 "," $341,488 ",,,,,
" 1,201 "," $347,322 ",,,,,
" 1,202 "," $354,844 ",,,,,
" 1,203 "," $283,204 ",,,,,
" 1,204 "," $275,011 ",,,,,
" 1,205 "," $303,850 ",,,,,
" 1,206 "," $284,467 ",,,,,
" 1,207 "," $170,275 ",,,,,
" 1,208 "," $176,385 ",,,,,
" 1,209 "," $174,143 ",,,,,
" 1,210 "," $283,320 ",,,,,
" 1,211 "," $176,157 ",,,,,
" 1,212 "," $178,486 ",,,,,
" 1,213 "," $192,543 ",,,,,
" 1,214 "," $197,616 ",,,,,
" 1,215 "," $167,397 ",,,,,
" 1,216 "," $183,598 ",,,,,
" 1,217 "," $210,307 ",,,,,
" 1,218 "," $258,306 ",,,,,
" 1,219 "," $275,503 ",,,,,
" 1,220 "," $279,447 ",,,,,
" 1,221 "," $434,243 ",,,,,
" 1,222 "," $305,109 ",,,,,
" 1,223 "," $521,347 ",,,,,
" 1,224 "," $294,217 ",,,,,
" 1,225 "," $317,458 ",,,,,
" 1,226 "," $267,708 ",,,,,
" 1,227 "," $336,148 ",,,,,
" 1,228 "," $234,502 ",,,,,
" 1,229 "," $232,351 ",,,,,
" 1,230 "," $425,431 ",,,,,
" 1,231 "," $190,478 ",,,,,
" 1,232 "," $133,822 ",,,,,
" 1,233 "," $193,182 ",,,,,
" 1,234 "," $128,715 ",,,,,
" 1,235 "," $195,106 ",,,,,
" 1,236 "," $186,683 ",,,,,
" 1,237 "," $195,932 ",,,,,
" 1,238 "," $204,048 ",,,,,
" 1,239 "," $178,311 ",,,,,
" 1,240 "," $167,830 ",,,,,
" 1,241 "," $159,291 ",,,,,
" 1,242 "," $119,317 ",,,,,
" 1,243 "," $144,052 ",,,,,
" 1,244 "," $144,547 ",,,,,
" 1,245 "," $129,319 ",,,,,
" 1,246 "," $118,863 ",,,,,
" 1,247 "," $123,562 ",,,,,
" 1,248 "," $139,137 ",,,,,
" 1,249 "," $116,807 ",,,,,
" 1,250 "," $129,732 ",,,,,
" 1,251 "," $251,820 ",,,,,
" 1,252 "," $363,028 ",,,,,
" 1,253 "," $175,883 ",,,,,
" 1,254 "," $149,648 ",,,,,
" 1,255 "," $174,974 ",,,,,
" 1,256 "," $160,693 ",,,,,
" 1,257 "," $184,270 ",,,,,
" 1,258 "," $245,427 ",,,,,
" 1,259 "," $157,993 ",,,,,
" 1,260 "," $165,542 ",,,,,
" 1,261 "," $143,685 ",,,,,
" 1,262 "," $152,689 ",,,,,
" 1,263 "," $145,660 ",,,,,
" 1,264 "," $127,980 ",,,,,
" 1,265 "," $136,296 ",,,,,
" 1,266 "," $144,973 ",,,,,
" 1,267 "," $178,291 ",,,,,
" 1,268 "," $161,155 ",,,,,
" 1,269 "," $141,698 ",,,,,
" 1,270 "," $142,066 ",,,,,
" 1,271 "," $120,939 ",,,,,
" 1,272 "," $120,264 ",,,,,
" 1,273 "," $160,706 ",,,,,
" 1,274 "," $149,261 ",,,,,
" 1,275 "," $133,448 ",,,,,
" 1,276 "," $141,132 ",,,,,
" 1,277 "," $125,054 ",,,,,
" 1,278 "," $132,311 ",,,,,
" 1,279 "," $158,266 ",,,,,
" 1,280 "," $138,828 ",,,,,
" 1,281 "," $148,899 ",,,,,
" 1,282 "," $153,871 ",,,,,
" 1,283 "," $152,507 ",,,,,
" 1,284 "," $151,716 ",,,,,
" 1,285 "," $137,590 ",,,,,
" 1,286 "," $139,694 ",,,,,
" 1,287 "," $154,230 ",,,,,
" 1,288 "," $124,913 ",,,,,
" 1,289 "," $132,604 ",,,,,
" 1,290 "," $135,658 ",,,,,
" 1,291 "," $133,255 ",,,,,
" 1,292 "," $222,224 ",,,,,
" 1,293 "," $147,581 ",,,,,
" 1,294 "," $183,087 ",,,,,
" 1,295 "," $128,686 ",,,,,
" 1,296 "," $93,062 ",,,,,
" 1,297 "," $72,188 ",,,,,
" 1,298 "," $86,171 ",,,,,
" 1,299 "," $148,499 ",,,,,
" 1,300 "," $128,142 ",,,,,
" 1,301 "," $148,786 ",,,,,
" 1,302 "," $149,655 ",,,,,
" 1,303 "," $208,500 ",,,,,
" 1,304 "," $167,378 ",,,,,
" 1,305 "," $257,147 ",,,,,
" 1,306 "," $135,405 ",,,,,
" 1,307 "," $91,610 ",,,,,
" 1,308 "," $129,155 ",,,,,
" 1,309 "," $135,329 ",,,,,
" 1,310 "," $153,083 ",,,,,
" 1,311 "," $119,811 ",,,,,
" 1,312 "," $127,161 ",,,,,
" 1,313 "," $146,997 ",,,,,
" 1,314 "," $137,941 ",,,,,
" 1,315 "," $134,624 ",,,,,
" 1,316 "," $138,483 ",,,,,
" 1,317 "," $143,871 ",,,,,
" 1,318 "," $126,541 ",,,,,
" 1,319 "," $121,506 ",,,,,
" 1,320 "," $111,333 ",,,,,
" 1,321 "," $108,321 ",,,,,
" 1,322 "," $98,821 ",,,,,
" 1,323 "," $104,718 ",,,,,
" 1,324 "," $131,982 ",,,,,
" 1,325 "," $133,153 ",,,,,
" 1,326 "," $79,055 ",,,,,
" 1,327 "," $122,296 ",,,,,
" 1,328 "," $81,423 ",,,,,
" 1,329 "," $216,639 ",,,,,
" 1,330 "," $104,230 ",,,,,
" 1,331 "," $123,101 ",,,,,
" 1,332 "," $87,032 ",,,,,
" 1,333 "," $177,626 ",,,,,
" 1,334 "," $98,087 ",,,,,
" 1,335 "," $117,190 ",,,,,
" 1,336 "," $109,854 ",,,,,
" 1,337 "," $187,336 ",,,,,
" 1,338 "," $117,842 ",,,,,
" 1,339 "," $121,560 ",,,,,
" 1,340 "," $88,111 ",,,,,
" 1,341 "," $115,663 ",,,,,
" 1,342 "," $136,119 ",,,,,
" 1,343 "," $161,009 ",,,,,
" 1,344 "," $141,835 ",,,,,
" 1,345 "," $99,491 ",,,,,
" 1,346 "," $100,357 ",,,,,
" 1,347 "," $153,169 ",,,,,
" 1,348 "," $148,397 ",,,,,
" 1,349 "," $136,282 ",,,,,
" 1,350 "," $136,417 ",,,,,
" 1,351 "," $157,812 ",,,,,
" 1,352 "," $145,314 ",,,,,
" 1,353 "," $152,684 ",,,,,
" 1,354 "," $158,351 ",,,,,
" 1,355 "," $105,260 ",,,,,
" 1,356 "," $245,534 ",,,,,
" 1,357 "," $135,345 ",,,,,
" 1,358 "," $135,559 ",,,,,
" 1,359 "," $172,483 ",,,,,
" 1,360 "," $141,351 ",,,,,
" 1,361 "," $109,061 ",,,,,
" 1,362 "," $188,045 ",,,,,
" 1,363 "," $216,153 ",,,,,
" 1,364 "," $172,214 ",,,,,
" 1,365 "," $143,689 ",,,,,
" 1,366 "," $129,729 ",,,,,
" 1,367 "," $148,018 ",,,,,
" 1,368 "," $212,462 ",,,,,
" 1,369 "," $179,310 ",,,,,
" 1,370 "," $234,587 ",,,,,
" 1,371 "," $188,003 ",,,,,
" 1,372 "," $235,468 ",,,,,
" 1,373 "," $288,127 ",,,,,
" 1,374 "," $211,494 ",,,,,
" 1,375 "," $220,529 ",,,,,
" 1,376 "," $193,749 ",,,,,
" 1,377 "," $165,442 ",,,,,
" 1,378 "," $139,827 ",,,,,
" 1,379 "," $180,541 ",,,,,
" 1,380 "," $192,373 ",,,,,
" 1,381 "," $204,481 ",,,,,
" 1,382 "," $217,810 ",,,,,
" 1,383 "," $143,634 ",,,,,
" 1,384 "," $161,259 ",,,,,
" 1,385 "," $122,356 ",,,,,
" 1,386 "," $211,139 ",,,,,
" 1,387 "," $201,710 ",,,,,
" 1,388 "," $222,659 ",,,,,
" 1,389 "," $211,734 ",,,,,
" 1,390 "," $274,748 ",,,,,
" 1,391 "," $222,717 ",,,,,
" 1,392 "," $226,732 ",,,,,
" 1,393 "," $232,261 ",,,,,
" 1,394 "," $140,046 ",,,,,
" 1,395 "," $192,182 ",,,,,
" 1,396 "," $205,400 ",,,,,
" 1,397 "," $186,458 ",,,,,
" 1,398 "," $193,939 ",,,,,
" 1,399 "," $131,642 ",,,,,
" 1,400 "," $129,570 ",,,,,
" 1,401 "," $140,273 ",,,,,
" 1,402 "," $192,031 ",,,,,
" 1,403 "," $125,681 ",,,,,
" 1,404 "," $261,408 ",,,,,
" 1,405 "," $144,029 ",,,,,
" 1,406 "," $152,201 ",,,,,
" 1,407 "," $92,284 ",,,,,
" 1,408 "," $119,162 ",,,,,
" 1,409 "," $121,188 ",,,,,
" 1,410 "," $151,507 ",,,,,
" 1,411 "," $113,599 ",,,,,
" 1,412 "," $64,586 ",,,,,
" 1,413 "," $114,152 ",,,,,
" 1,414 "," $141,053 ",,,,,
" 1,415 "," $124,932 ",,,,,
" 1,416 "," $154,956 ",,,,,
" 1,417 "," $137,518 ",,,,,
" 1,418 "," $167,607 ",,,,,
" 1,419 "," $145,627 ",,,,,
" 1,420 "," $109,581 ",,,,,
" 1,421 "," $153,474 ",,,,,
" 1,422 "," $154,041 ",,,,,
" 1,423 "," $170,933 ",,,,,
" 1,424 "," $179,321 ",,,,,
" 1,425 "," $182,062 ",,,,,
" 1,426 "," $174,471 ",,,,,
" 1,427 "," $105,538 ",,,,,
" 1,428 "," $130,974 ",,,,,
" 1,429 "," $59,198 ",,,,,
" 1,430 "," $82,455 ",,,,,
" 1,431 "," $142,160 ",,,,,
" 1,432 "," $65,631 ",,,,,
" 1,433 "," $115,158 ",,,,,
" 1,434 "," $72,751 ",,,,,
" 1,435 "," $335,748 ",,,,,
" 1,436 "," $301,670 ",,,,,
" 1,437 "," $206,598 ",,,,,
" 1,438 "," $153,610 ",,,,,
" 1,439 "," $233,604 ",,,,,
" 1,440 "," $158,393 ",,,,,
" 1,441 "," $193,176 ",,,,,
" 1,442 "," $182,184 ",,,,,
" 1,443 "," $347,048 ",,,,,
" 1,444 "," $345,997 ",,,,,
" 1,445 "," $123,669 ",,,,,
" 1,446 "," $205,532 ",,,,,
" 1,447 "," $118,528 ",,,,,
" 1,448 "," $126,662 ",,,,,
" 1,449 "," $140,212 ",,,,,
" 1,450 "," $86,973 ",,,,,
" 1,451 "," $86,340 ",,,,,
" 1,452 "," $154,044 ",,,,,
" 1,453 "," $86,627 ",,,,,
" 1,454 "," $85,062 ",,,,,
" 1,455 "," $87,759 ",,,,,
" 1,456 "," $83,933 ",,,,,
" 1,457 "," $158,759 ",,,,,
" 1,458 "," $115,160 ",,,,,
" 1,459 "," $226,586 ",,,,,
,,,,,,
